836727685837553665,9997,1488344400,836727685837553665,9997,1488344400,836814415873916928,9998,1488365078,1,-0.4543276839364762,-0.08731887691925164,-0.2313628866959601,-0.2769509142245297,0.25335973250884625,0,0,0,1,0,-0.3664387558151005,-0.016579351895112816,-0.1598092548677733,-0.19957332268396813,0.3373475788413654,0,0,0,1,0,0.3414635034816032,0.6681103504057739,0.22023848740392407,0.6477019670664976,1.2255426817257902,0,1,0,0,0
836727685837553665,9997,1488344400,836727685837553665,9997,1488344400,836817163126194177,12012,1488365733,1,-0.4543276839364762,-0.08731887691925164,-0.2313628866959601,-0.2769509142245297,0.25335973250884625,0,0,0,1,0,1.3760399303975266,1.4944144779811932,3.0821135362942003,-0.8601397176630098,2.0434250346199767,0,0,0,0,0,0.3414690182300695,0.6681103504057739,0.22023848740392407,0.6477019670664976,1.2255426817257902,0,1,0,0,0
836727685837553665,9997,1488344400,836727685837553665,9997,1488344400,836831725758066688,20852,1488369205,1,-0.4543276839364762,-0.08731887691925164,-0.2313628866959601,-0.2769509142245297,0.25335973250884625,0,0,0,1,0,0.028824974076104026,0.23202119303305,0.8431890302845616,-0.10158016284313123,0.6828977026683564,0,0,0,0,0,0.3414745328892318,0.6681103504057739,0.21838926055773852,0.6477019670664976,1.2255426817257902,0,1,0,0,0
836727685837553665,9997,1488344400,836727685837553665,9997,1488344400,836835915884539904,23102,1488370204,1,-0.4543276839364762,-0.08731887691925164,-0.2313628866959601,-0.2769509142245297,0.25335973250884625,0,0,0,1,0,-0.9952717865043328,-0.4278025980995817,-1.1389467434763865,-1.299803287649689,-0.31895816275506106,0,0,0,0,0,0.3414745328892318,0.6681103504057739,0.22023848740392407,0.6477019670664976,1.2255426817257902,0,1,0,0,0
836727685837553665,9997,1488344400,836727685837553665,9997,1488344400,836847739619135491,28593,1488373023,1,-0.4543276839364762,-0.08731887691925164,-0.2313628866959601,-0.2769509142245297,0.25335973250884625,0,0,0,1,0,-0.5539518158117005,-0.2462071141687456,-0.717255180001803,-0.20808969840965108,-0.5965456961449032,0,0,0,1,0,0.3414772901853261,0.6681103504057739,0.2220789083746254,0.6477019670664976,1.2255426817257902,0,1,0,0,0
836727685837553665,9997,1488344400,836727685837553665,9997,1488344400,836880371304235008,41071,1488380803,1,-0.4543276839364762,-0.08731887691925164,-0.2313628866959601,-0.2769509142245297,0.25335973250884625,0,0,0,1,0,-1.0314955589528143,-0.10641954547040787,1.0411670134281608,-1.3224995165884998,0.03907878959250413,0,0,0,1,0,0.3414800474590957,0.6681103504057739,0.2293541852873611,0.6477019670664976,1.2255426817257902,0,1,0,0,0
836727685837553665,9997,1488344400,836727685837553665,9997,1488344400,836888055252418562,43852,1488382635,1,-0.4543276839364762,-0.08731887691925164,-0.2313628866959601,-0.2769509142245297,0.25335973250884625,0,0,0,1,0,-0.7432820638746122,0.5256802585033669,0.7415579479947687,-0.95050528824608,-0.4025303580096072,0,0,0,1,0,0.3414883191464588,0.6681103504057739,0.2311518056142136,0.6477019670664976,1.2255426817257902,0,1,0,0,0
836727685837553665,9997,1488344400,836727685837553665,9997,1488344400,836893616899567617,46201,1488383961,1,-0.4543276839364762,-0.08731887691925164,-0.2313628866959601,-0.2769509142245297,0.25335973250884625,0,0,0,1,0,-1.7256362408881745,-1.2538114061303731,-1.1389467434763865,-2.6107086175238234,-1.0903883841488595,0,0,0,1,1,0.3414910763309342,0.6681103504057739,0.21838926055773852,0.6477019670664976,1.2255426817257902,0,1,0,0,0
836727685837553665,9997,1488344400,836727685837553665,9997,1488344400,836977804994437121,111733,1488404033,1,-0.4543276839364762,-0.08731887691925164,-0.2313628866959601,-0.2769509142245297,0.25335973250884625,0,0,0,1,0,-0.08865473835591144,0.9347089422547312,1.6865721572337289,-1.5965542561185155,0.5544619287268979,0,0,0,0,0,0.3413918036236965,0.6681103504057739,0.23383265571698664,0.6477823617279392,1.2256542346421375,0,1,0,0,0
836727685837553665,9997,1488344400,836727685837553665,9997,1488344400,836988689217630208,122030,1488406628,1,-0.4543276839364762,-0.08731887691925164,-0.2313628866959601,-0.2769509142245297,0.25335973250884625,0,0,0,1,0,0.8191520654384365,1.0047440919369528,2.053197503277536,1.2747648622180812,0.9036431659063822,0,0,0,1,0,0.34137525535863794,0.6681103504057739,0.22023848740392407,0.6477823617279392,1.2256542346421375,0,1,0,0,0
836727685837553665,9997,1488344400,836727685837553665,9997,1488344400,837002584921686027,135727,1488409941,1,-0.4543276839364762,-0.08731887691925164,-0.2313628866959601,-0.2769509142245297,0.25335973250884625,0,0,0,1,0,0.5387159740686104,0.3150739094119742,2.0066326384185187,-1.0763599471575942,0.33738374188872783,0,0,0,0,0,0.3413918036236965,0.6681103504057739,0.2239106069383274,0.6477823617279392,1.2256542346421375,0,1,0,0,0
836727685837553665,9997,1488344400,836727685837553665,9997,1488344400,837003700610744325,136789,1488410207,1,-0.4543276839364762,-0.08731887691925164,-0.2313628866959601,-0.2769509142245297,0.25335973250884625,0,0,0,1,0,-1.5311195955456471,-0.9441951121759321,-1.1389467434763865,-0.563975980364911,-1.1441505994184904,0,0,0,1,0,0.3413945615896942,0.6681103504057739,0.2239106069383274,0.6477823617279392,1.2256542346421375,0,1,0,0,0
836727685837553665,9997,1488344400,836727685837553665,9997,1488344400,837008448575455239,141350,1488411339,1,-0.4543276839364762,-0.08731887691925164,-0.2313628866959601,-0.2769509142245297,0.25335973250884625,0,0,0,1,0,0.8225172660704915,1.5229023362076457,2.453711988219812,0.3969220128105621,1.2181437954617942,0,0,0,0,0,0.3413973195333583,0.6681103504057739,0.2275481648350225,0.6477823617279392,1.2256542346421375,0,1,0,0,0
836727685837553665,9997,1488344400,836727685837553665,9997,1488344400,837080477357993984,209372,1488428512,1,-0.4543276839364762,-0.08731887691925164,-0.2313628866959601,-0.2769509142245297,0.25335973250884625,0,0,0,1,0,0.1422294352397686,0.6491807461541436,1.0740600146689228,1.155848848039814,0.3529320344538968,0,0,0,1,0,0.3414276554396252,0.6682051610357088,0.21838926055773852,0.6477421667899168,1.2257689468121764,0,1,0,0,0
836727685837553665,9997,1488344400,836727685837553665,9997,1488344400,837264892495335424,347422,1488472480,1,-0.4543276839364762,-0.08731887691925164,-0.2313628866959601,-0.2769509142245297,0.25335973250884625,0,0,0,1,0,-1.8636479971145044,-0.7861267052286032,-1.1389467434763865,-1.8843750391934304,-2.488834818747625,0,0,0,0,0,0.3414690182300695,0.6682051610357088,0.21838926055773852,0.6477823617279392,1.225918667254138,0,1,0,0,0
836727685837553665,9997,1488344400,836727685837553665,9997,1488344400,837387403950239750,432362,1488501689,1,-0.4543276839364762,-0.08731887691925164,-0.2313628866959601,-0.2769509142245297,0.25335973250884625,0,0,0,1,0,0.4594479806215228,1.5247307504304528,2.627069847381347,0.2839956262305852,1.0268199224704924,0,0,0,1,0,0.3414800474590957,0.6682051610357088,0.2257336653823488,0.6477421667899168,1.2260046550267203,0,1,0,0,0
836727685837553665,9997,1488344400,836727685837553665,9997,1488344400,837464168085270532,528294,1488519991,1,-0.4543276839364762,-0.08731887691925164,-0.2313628866959601,-0.2769509142245297,0.25335973250884625,0,0,0,1,0,-1.8131026514177,-1.092718580186721,-1.1389467434763865,-1.5003015064180667,-2.589578655977125,0,0,0,1,1,0.34155448541350264,0.6683947093674384,0.2229958427869734,0.6477421667899168,1.2261988650490208,0,1,0,0,0
836727685837553665,9997,1488344400,836727685837553665,9997,1488344400,893854349801259009,13558063,1501960858,1,-0.4543276839364762,-0.08731887691925164,-0.2313628866959601,-0.2769509142245297,0.25335973250884625,0,0,0,1,0,-1.4571677991576102,-0.7755068036892659,-1.1389467434763865,-0.2837327363353328,-0.806856281307684,0,0,0,1,0,0.3604833154294296,0.6976227272790654,0.2391392059938449,0.7388881891406448,1.2688634544585768,0,1,0,0,0
836727686001131520,171375,1488344400,836727686001131520,171375,1488344400,865464657934336001,4668297,1495192228,1,0.7339952581984948,0.7160241349500008,0.0537596741414793,1.2791182862363557,0.14122196788708655,0,0,0,0,0,0.7645059042417677,0.7479598325823257,0.12612794694736415,1.31483064043966,0.2285073953608049,0,0,0,0,0,0.6244067900842111,-0.4896925092598198,0.3364642812216698,0.8620058795739549,0.5558156607512986,0,1,0,0,0
836727687142047745,16490,1488344400,836727687142047745,16490,1488344400,836824079571300352,16491,1488367382,1,-0.7988089984828075,-0.5715536009836206,-0.7872206369070262,0.0890265017636368,0.04862523228790409,0,0,0,0,0,-0.694286758543717,-0.4774241162883378,-0.717255180001803,0.15660469884750802,0.1386336072903021,0,0,0,0,0,0.490365352647873,-0.6341642167387972,0.6806392067891018,1.1692690737565072,0.22032802414032,0,0,0,0,0
836727687142047745,16490,1488344400,836727687142047745,16490,1488344400,836840923891924993,25560,1488371398,1,-0.7988089984828075,-0.5715536009836206,-0.7872206369070262,0.0890265017636368,0.04862523228790409,0,0,0,0,0,0.7798412717494257,-0.2462071141687456,0.9882316994978746,1.3986808877458452,0.6361277012103828,0,0,0,1,0,0.4903600102898185,-0.6341642167387972,0.6769784582869334,1.1692519163593251,0.22032802414032,0,0,0,0,0
836727687142047745,16490,1488344400,836727687142047745,16490,1488344400,836933735442427905,70700,1488393526,1,-0.7988089984828075,-0.5715536009836206,-0.7872206369070262,0.0890265017636368,0.04862523228790409,0,0,0,0,0,-0.3955226346127464,-1.0100752354460492,-0.2955636165272193,0.8527358494181992,0.24675437405163397,0,0,0,1,0,0.4903226114366224,-0.6341642167387972,0.6778263292087421,1.1692519163593251,0.2203836564365427,0,0,0,0,0
836727687142047745,16490,1488344400,836727687142047745,16490,1488344400,837087251142160384,215020,1488430127,1,-0.7988089984828075,-0.5715536009836206,-0.7872206369070262,0.0890265017636368,0.04862523228790409,0,0,0,0,0,-0.3130796948624089,-0.5279180716637628,-0.4705814284986962,0.9406962671880604,0.09867691740974736,0,0,0,0,0,0.4902139533745197,-0.6309640301784368,0.6783905448907258,1.1692604951668937,0.2203836564365427,0,0,0,0,0
836727687142047745,16490,1488344400,836727687142047745,16490,1488344400,838091518510444544,970672,1488669563,1,-0.7988089984828075,-0.5715536009836206,-0.7872206369070262,0.0890265017636368,0.04862523228790409,0,0,0,0,0,-0.9697930342067592,-0.1577940041664431,-0.2955636165272193,-0.7047444772852249,-0.8580343407123024,0,0,0,1,0,0.4891236744066084,-0.6277913133694005,0.6698395838491109,1.1691746972814214,0.22057831696276564,0,0,0,0,0
836727687142047745,16490,1488344400,836727687142047745,16490,1488344400,838927267136954368,1531175,1488868821,1,-0.7988089984828075,-0.5715536009836206,-0.7872206369070262,0.0890265017636368,0.04862523228790409,0,0,0,0,0,0.4392681442549345,1.1887672729267094,-0.717255180001803,-0.3659132737955933,0.011379989912208021,0,0,0,1,0,0.4882467807805591,-0.6373923528805369,0.6800782666710089,1.1689686933644334,0.2208006861833829,0,0,0,0,0
836727687142047745,16490,1488344400,836727687142047745,16490,1488344400,838963963132067840,1560970,1488877570,1,-0.7988089984828075,-0.5715536009836206,-0.7872206369070262,0.0890265017636368,0.04862523228790409,0,0,0,0,0,-0.2593885210020985,-0.5314375566060006,-1.1389467434763865,-0.20082403934162496,-0.6733830521594657,0,0,0,0,0,0.4882342373557173,-0.6373923528805369,0.6755611935028584,1.1689686933644334,0.22082847484433407,0,0,0,0,0
836727687142047745,16490,1488344400,836727687142047745,16490,1488344400,856208751732314112,7374280,1492985448,1,-0.7988089984828075,-0.5715536009836206,-0.7872206369070262,0.0890265017636368,0.04862523228790409,0,0,0,0,0,0.10410140198008623,-0.009031308357476031,-0.4705814284986962,0.7686083145694131,-0.0733734584909735,0,0,0,0,0,0.4788580813720381,-0.6003995811149172,0.7003092554132522,1.1663916355508044,0.22464743604119566,0,0,0,0,0
836727687578177537,96257,1488344401,836727687578177537,96257,1488344401,836962076346155008,96258,1488400283,1,-0.11114408272131827,0.7086807514152433,-0.5412496640029313,-0.6130349483997428,-0.34437162788700915,0,0,0,0,0,-0.039825806210627236,0.7409711560443853,-0.4705814284986962,-0.5266583862189129,-0.2428065838263816,0,0,0,0,0,0.5310984151475429,1.924163093584103,-0.31832436392478203,-0.8011650165087428,-0.9035608957779241,0,0,0,1,0
836727695039950848,13052,1488344402,836727695039950848,13052,1488344402,836917268617388032,58922,1488389600,1,-0.7388938648636422,-0.06844630657948203,-0.2313628866959601,-0.5726904042821426,0.2999787725977991,0,0,0,0,0,-0.637264632637902,0.0013816178567581153,-0.1598092548677733,-0.4873941057588837,0.3825957153106797,0,0,0,0,0,0.7023271520039328,-1.6193808183458087,0.4147032693607853,-1.5122295973854725,0.18195321611621584,0,1,0,0,0
836727695039950848,13052,1488344402,836727695039950848,13052,1488344402,844926074001768448,4035418,1490295448,1,-0.7388938648636422,-0.06844630657948203,-0.2313628866959601,-0.5726904042821426,0.2999787725977991,0,0,0,0,0,-2.9177380909372728,-2.213962311202896,-1.1389467434763865,-1.2345339206143056,-1.9317155501056715,0,0,0,1,1,0.7081439231284198,-1.6193808183458087,0.42297955292611183,-1.5122295973854725,0.20315657655337405,0,1,0,0,0
836727697548029952,34339,1488344403,836727697548029952,34339,1488344403,836862130271973382,34340,1488376454,1,-0.599341442788161,-0.1018467684959488,-0.02724568464350098,0.5651359800295822,-1.0558053626328832,0,0,0,1,0,-0.5044505120414308,-0.03040550363119392,0.044891142834152006,0.6199658916229415,-0.9333195299795451,0,0,0,1,0,0.7927246210011754,-0.4768720597199128,0.6154628871877638,-0.3258104891368734,-0.2024042471108896,0,1,0,0,0
836727703764144128,1874,1488344404,836727703764144128,1874,1488344404,837180259866828800,304735,1488452302,1,-0.4231871715467569,-0.6946749267475051,-1.2077107924312789,0.39868593315560696,-0.1809693243215219,0,0,0,1,0,-0.3368018659177179,-0.5945983203338469,-1.1389467434763865,0.4579727035478857,-0.08420937296524374,0,0,0,1,0,0.2622785617774763,-2.1317818848185,0.2579960030343667,-1.0381604068396206,-0.5554356428393002,0,0,0,1,0
836727703764144128,1874,1488344404,836727703764144128,1874,1488344404,837378528811307008,241488,1488499573,1,-0.4231871715467569,-0.6946749267475051,-1.2077107924312789,0.39868593315560696,-0.1809693243215219,0,0,0,1,0,2.158573368275071,1.85445574027717,2.0270269165951005,-0.8334366721570751,-1.391912966688056,0,0,0,0,0,0.2627097119792581,-2.1317818848185,0.21746131851888315,-1.0381604068396206,-0.5535149220074166,0,0,0,1,0
836727703764144128,1874,1488344404,836727703764144128,1874,1488344404,837379166332858368,333465,1488499725,1,-0.4231871715467569,-0.6946749267475051,-1.2077107924312789,0.39868593315560696,-0.1809693243215219,0,0,0,1,0,-0.21110609023647395,0.21250405647838289,0.2618823086068103,1.0410289988724517,1.4073614986562124,0,0,0,0,0,0.2627201362726871,-2.1317818848185,0.2373784390599145,-1.0381604068396206,-0.554843804537004,0,0,0,1,0
836727703764144128,1874,1488344404,836727703764144128,1874,1488344404,838286457181716481,1111625,1488716040,1,-0.4231871715467569,-0.6946749267475051,-1.2077107924312789,0.39868593315560696,-0.1809693243215219,0,0,0,1,0,-1.0040745486342626,-1.025733245851015,-0.717255180001803,-2.154523469421885,-0.4967384231347268,0,0,0,1,0,0.2651472393011872,-2.1317818848185,0.2220789083746254,-1.0381604068396206,-0.5462007547001368,0,0,0,1,0
836727704951087104,18162,1488344405,836727704951087104,18162,1488344405,837161872025595904,288787,1488447918,1,0.07585034697602618,0.042305676869015325,0.12521146442541628,0.6202548963855993,0.9980769744161035,0,0,0,0,0,0.1381395803253259,0.1067839551571714,0.1977838864789942,0.6736089464099063,1.060165280119089,0,0,0,0,0,0.6495118777596478,-0.5917022565742073,0.3564250511962733,-1.3753212316419436,-0.12632469733324045,0,0,0,0,0
836727709439037440,99412,1488344406,836727709439037440,99412,1488344406,837051482113441792,182548,1488421599,1,-0.15694125519377616,-0.4596847832538613,-0.5412496640029313,0.18379776082110885,0.20980414993635216,0,0,0,1,0,-0.08341165801651347,-0.3709588910832856,-0.4705814284986962,0.24883836703163675,0.2950728142713476,0,0,0,1,0,0.359061809363861,1.3378416896163998,-0.09992201400483447,-1.7983261394648842,-0.4986505326533212,0,0,0,0,0
836727709439037440,99412,1488344406,836727709439037440,99412,1488344406,837059015087554562,189823,1488423395,1,-0.15694125519377616,-0.4596847832538613,-0.5412496640029313,0.18379776082110885,0.20980414993635216,0,0,0,1,0,2.982219339258162,-0.6874238169296045,2.3431240461246983,-2.6107086175238234,-0.3056738568231269,0,0,0,1,0,0.35907752014473315,1.3378571772130907,-0.12388103265051364,-1.7983261394648842,-0.4986505326533212,0,0,0,0,0
836727709439037440,99412,1488344406,836727709439037440,99412,1488344406,837077474244608002,206685,1488427796,1,-0.15694125519377616,-0.4596847832538613,-0.5412496640029313,0.18379776082110885,0.20980414993635216,0,0,0,1,0,-0.3687961909073378,-0.06558234077849145,-0.04888986502411277,0.8176106015731263,-0.3048470548300177,0,0,0,0,0,0.3591508275402609,1.3378416896163998,-0.0874535884203512,-1.7983261394648842,-0.4986505326533212,0,0,0,0,0
836727709439037440,99412,1488344406,836727709439037440,99412,1488344406,837080288597585924,209180,1488428467,1,-0.15694125519377616,-0.4596847832538613,-0.5412496640029313,0.18379776082110885,0.20980414993635216,0,0,0,1,0,3.1468043158268246,-0.626744107880299,1.9134274681114416,-1.3087334730436009,0.08864691032919081,0,0,0,0,0,0.35916391648621443,1.3378262013707287,-0.1128061295175537,-1.7983261394648842,-0.4986505326533212,0,0,0,0,0
836727709439037440,99412,1488344406,836727709439037440,99412,1488344406,837082872313864192,211475,1488429083,1,-0.15694125519377616,-0.4596847832538613,-0.5412496640029313,0.18379776082110885,0.20980414993635216,0,0,0,1,0,0.3108080299481568,0.05500473526380016,-0.717255180001803,0.621438213423874,0.4483217901883151,0,0,0,0,0,0.3591691519237371,1.3378416896163998,-0.07736195312141148,-1.7983261394648842,-0.4986505326533212,0,0,0,0,0
836727710097367040,1136,1488344406,836727710097367040,1136,1488344406,836809256863170560,5847,1488363848,1,-0.5767911320710488,-1.340662123942302,0.8555883972566398,-0.5669547584424796,0.4635436646043379,0,0,0,1,0,-0.4829890451422712,-1.2093824382375915,0.9302476235845004,-0.4818120373084019,0.5413507334530271,0,0,0,1,0,1.06633264925856,1.7715589646344592,1.1281805809164076,0.9074771531731723,0.9240025435006302,0,1,0,0,0
836727710097367040,1136,1488344406,836727710097367040,1136,1488344406,836811895092953088,7999,1488364477,1,-0.5767911320710488,-1.340662123942302,0.8555883972566398,-0.5669547584424796,0.4635436646043379,0,0,0,1,0,0.0044891002800273435,0.5040515556271871,-0.4705814284986962,1.0541178232687176,0.017330697848876822,0,0,0,1,0,1.06633363374991,1.7715589646344592,1.130112584216449,0.9074771531731723,0.9240025435006302,0,1,0,0,0
836727710097367040,1136,1488344406,836727710097367040,1136,1488344406,836812578768695296,8530,1488364640,1,-0.5767911320710488,-1.340662123942302,0.8555883972566398,-0.5669547584424796,0.4635436646043379,0,0,0,1,0,-0.7808225439979023,-1.1291848735906007,-0.4705814284986962,0.3573085247177486,-0.14425884835363886,0,0,0,0,0,1.066333305586443,1.7715589646344592,1.130112584216449,0.9074771531731723,0.9240025435006302,0,1,0,0,0
836727710097367040,1136,1488344406,836727710097367040,1136,1488344406,836819184780718086,13329,1488366215,1,-0.5767911320710488,-1.340662123942302,0.8555883972566398,-0.5669547584424796,0.4635436646043379,0,0,0,1,0,0.5160930003290195,0.40210236012327777,0.1977838864789942,0.7173166581854366,0.6648238628938736,0,0,0,0,0,1.0663352745624999,1.7715589646344592,1.1341212859902967,0.9074771531731723,0.9240086486586352,0,1,0,0,0
836727710097367040,1136,1488344406,836727710097367040,1136,1488344406,836821776864796672,15029,1488366833,1,-0.5767911320710488,-1.340662123942302,0.8555883972566398,-0.5669547584424796,0.4635436646043379,0,0,0,1,0,-0.6715461470654054,-1.524888762714294,-1.1389467434763865,-0.209046835098686,-0.017030075917122942,0,0,0,0,0,1.066337571686846,1.7715589646344592,1.1352466848716631,0.9074771531731723,0.9240086486586352,0,1,0,0,0
836727710097367040,1136,1488344406,836727710097367040,1136,1488344406,836826143156277248,17727,1488367874,1,-0.5767911320710488,-1.340662123942302,0.8555883972566398,-0.5669547584424796,0.4635436646043379,0,0,0,1,0,0.015221920985909531,-1.1580388529114871,-0.717255180001803,-0.3998885628608211,-0.8876741531687006,0,0,0,1,0,1.0663395406382363,1.7715589646344592,1.1367134330211426,0.9074771531731723,0.9240086486586352,0,1,0,0,0
836727710097367040,1136,1488344406,836727710097367040,1136,1488344406,836828630357524480,19125,1488368467,1,-0.5767911320710488,-1.340662123942302,0.8555883972566398,-0.5669547584424796,0.4635436646043379,0,0,0,1,0,-0.0966283913189398,-0.8540442976798023,-0.2955636165272193,0.7605237870198307,0.4506698212599602,0,0,0,0,0,1.0663405251096647,1.7715589646344592,1.1207137054838674,0.9074771531731723,0.9240086486586352,0,1,0,0,0
836727710097367040,1136,1488344406,836727710097367040,1136,1488344406,836830459082469377,20169,1488368903,1,-0.5767911320710488,-1.340662123942302,0.8555883972566398,-0.5669547584424796,0.4635436646043379,0,0,0,1,0,-0.16260653474394812,-0.1577940041664431,-0.4705814284986962,0.6563275863446028,-0.1699684693442571,0,0,0,0,0,1.0663385561639642,1.7715589646344592,1.1217892748427458,0.9074771531731723,0.9240086486586352,0,1,0,0,0
836727710097367040,1136,1488344406,836727710097367040,1136,1488344406,836831444752297986,20695,1488369138,1,-0.5767911320710488,-1.340662123942302,0.8555883972566398,-0.5669547584424796,0.4635436646043379,0,0,0,1,0,-0.22316474855361568,-0.4521094468671963,-0.4705814284986962,0.4342383800273823,0.2985355358402554,0,0,0,1,0,1.0663385561639642,1.7715589646344592,1.1220577001389993,0.9074771531731723,0.9240086486586352,0,1,0,0,0
836727710097367040,1136,1488344406,836727710097367040,1136,1488344406,836836851210153984,23574,1488370427,1,-0.5767911320710488,-1.340662123942302,0.8555883972566398,-0.5669547584424796,0.4635436646043379,0,0,0,1,0,0.6730604764694249,0.18692423485200804,1.1632495114693522,1.0150214905236583,1.3644104552216691,0,0,0,0,0,1.0663424940439796,1.7715589646344592,1.1237534113909922,0.9074771531731723,0.9240147537363104,0,1,0,0,0
836727710097367040,1136,1488344406,836727710097367040,1136,1488344406,836842295429382144,26184,1488371725,1,-0.5767911320710488,-1.340662123942302,0.8555883972566398,-0.5669547584424796,0.4635436646043379,0,0,0,1,0,0.5900447967170553,0.68728012353302,0.12612794694736415,1.4071202179352995,0.7824942600744872,0,0,0,0,0,1.0663424940439796,1.7715589646344592,1.1265042249503363,0.9074771531731723,0.9240147537363104,0,1,0,0,0
836727710097367040,1136,1488344406,836727710097367040,1136,1488344406,836843813733875713,26926,1488372087,1,-0.5767911320710488,-1.340662123942302,0.8555883972566398,-0.5669547584424796,0.4635436646043379,0,0,0,1,0,-0.0592608517439888,-0.13894593541144207,-0.2955636165272193,0.8837434696280081,-0.2822561390328484,0,0,0,0,0,1.0663424940439796,1.7715589646344592,1.1271226760400446,0.9074771531731723,0.9240147537363104,0,1,0,0,0
836727710097367040,1136,1488344406,836727710097367040,1136,1488344406,836866471380848641,35985,1488377489,1,-0.5767911320710488,-1.340662123942302,0.8555883972566398,-0.5669547584424796,0.4635436646043379,0,0,0,1,0,-1.6185860060751731,-0.9948087166057288,-1.1389467434763865,-1.4342518617655349,-3.1173210618809706,0,0,0,1,0,1.0663418377338076,1.7715589646344592,1.1229511070868057,0.9074771531731723,0.9240269636506871,0,1,0,0,0
836727710097367040,1136,1488344406,836727710097367040,1136,1488344406,836867125713190913,36246,1488377645,1,-0.5767911320710488,-1.340662123942302,0.8555883972566398,-0.5669547584424796,0.4635436646043379,0,0,0,1,0,-0.12420708021767787,-1.025733245851015,-0.4705814284986962,1.1957701025828849,-0.1205117734621654,0,0,0,0,0,1.0663424940439796,1.7715589646344592,1.1233970373007165,0.9074771531731723,0.9240269636506871,0,1,0,0,0
836727710097367040,1136,1488344406,836727710097367040,1136,1488344406,836887224817954816,43503,1488382437,1,-0.5767911320710488,-1.340662123942302,0.8555883972566398,-0.5669547584424796,0.4635436646043379,0,0,0,1,0,-0.6896515816553328,-0.3628709722196146,-0.717255180001803,0.11043520859046974,-0.41552803942939215,0,0,0,1,0,1.066346103727328,1.7715589646344592,1.1329926005299753,0.9074771531731723,0.924033068487391,0,1,0,0,0
836727710097367040,1136,1488344406,836727710097367040,1136,1488344406,836897253377859586,47914,1488384828,1,-0.5767911320710488,-1.340662123942302,0.8555883972566398,-0.5669547584424796,0.4635436646043379,0,0,0,1,0,-0.6052703076482822,-0.20970875749477852,-1.1389467434763865,0.4042064246605269,-0.5512440285209897,0,0,0,0,0,1.0663500415200735,1.7715589646344592,1.125353040743578,0.9074771531731723,0.924033068487391,0,1,0,0,0
836727710097367040,1136,1488344406,836727710097367040,1136,1488344406,836907139335618561,52918,1488387185,1,-0.5767911320710488,-1.340662123942302,0.8555883972566398,-0.5669547584424796,0.4635436646043379,0,0,0,1,0,0.32437040526006683,0.7552986922872381,-0.1598092548677733,-0.21548475656020946,0.4776079085611377,0,0,0,0,0,1.0663500415200735,1.7715541740590788,1.1299373460935105,0.9074771531731723,0.924033068487391,0,1,0,0,0
836727710097367040,1136,1488344406,836727710097367040,1136,1488344406,836928370923405314,66485,1488392247,1,-0.5767911320710488,-1.340662123942302,0.8555883972566398,-0.5669547584424796,0.4635436646043379,0,0,0,1,0,0.3976052843402414,0.4089506070091581,-0.2955636165272193,0.0071356759535791785,0.2684418045373266,0,0,0,1,0,1.066359557664558,1.7715541740590788,1.1267693966063788,0.9074771531731723,0.924033068487391,0,1,0,0,0
836727710097367040,1136,1488344406,836727710097367040,1136,1488344406,836931831241015296,69140,1488393072,1,-0.5767911320710488,-1.340662123942302,0.8555883972566398,-0.5669547584424796,0.4635436646043379,0,0,0,1,0,-1.226012204295342,-1.1386521786897676,-1.1389467434763865,-0.9801071974571456,-1.9787227159465104,0,0,0,0,0,1.0663615264888384,1.7715541740590788,1.1292355979687692,0.9074771531731723,0.924033068487391,0,1,0,0,0
836727710097367040,1136,1488344406,836727710097367040,1136,1488344406,836945953437384705,80774,1488396439,1,-0.5767911320710488,-1.340662123942302,0.8555883972566398,-0.5669547584424796,0.4635436646043379,0,0,0,1,0,-1.4805742498488426,-1.4105719758952946,-1.1389467434763865,-1.5619310755704865,-1.1202619132462623,0,0,0,1,0,1.0663651359704571,1.7715541740590788,1.144049327485573,0.9074771531731723,0.9240391732437748,0,1,0,0,0
836727710097367040,1136,1488344406,836727710097367040,1136,1488344406,836971761002414081,105838,1488402592,1,-0.5767911320710488,-1.340662123942302,0.8555883972566398,-0.5669547584424796,0.4635436646043379,0,0,0,1,0,0.5085616513700206,0.6761466674481464,0.12612794694736415,0.9111351219737698,0.5603404185195644,0,0,0,1,0,1.0663739954449634,1.7715589646344592,1.1398866548677264,0.9074771531731723,0.9240635914661544,0,1,0,0,0
836727710097367040,1136,1488344406,836727710097367040,1136,1488344406,836986730452508672,120207,1488406161,1,-0.5767911320710488,-1.340662123942302,0.8555883972566398,-0.5669547584424796,0.4635436646043379,0,0,0,1,0,0.06936240375913921,0.3384459778958893,0.31986638452018484,0.3901116189857411,0.8522131667740871,0,0,0,1,0,1.0663792453951737,1.7715589646344592,1.1294111544893992,0.9074957789600021,0.9240819042896816,0,1,0,0,0
836727710097367040,1136,1488344406,836727710097367040,1136,1488344406,836991277099016192,124657,1488407245,1,-0.5767911320710488,-1.340662123942302,0.8555883972566398,-0.5669547584424796,0.4635436646043379,0,0,0,1,0,-1.0314955589528143,-0.8540442976798023,-0.4705814284986962,0.3105995464243755,-1.3999193493478883,0,0,0,1,0,1.0663805578700802,1.7715589646344592,1.1354195326712873,0.9074957789600021,0.9240819042896816,0,1,0,0,0
836727710097367040,1136,1488344406,836727710097367040,1136,1488344406,836998038296084480,131264,1488408857,1,-0.5767911320710488,-1.340662123942302,0.8555883972566398,-0.5669547584424796,0.4635436646043379,0,0,0,1,0,-0.915129748411188,-1.301728446039932,-1.1389467434763865,-0.15491925363329806,-2.04094722686392,0,0,0,1,0,1.066382854688996,1.7715589646344592,1.1436266131554318,0.9074957789600021,0.9240880084035832,0,1,0,0,0
836727710097367040,1136,1488344406,836727710097367040,1136,1488344406,836998432560726025,131648,1488408951,1,-0.5767911320710488,-1.340662123942302,0.8555883972566398,-0.5669547584424796,0.4635436646043379,0,0,0,1,0,0.020499609812119214,-0.5314375566060006,0.8193282337408399,1.056535228665073,0.668631369579961,0,0,0,1,0,1.066382854688996,1.7715589646344592,1.1447247102236635,0.9074957789600021,0.9240880084035832,0,1,0,0,0
836727710097367040,1136,1488344406,836727710097367040,1136,1488344406,837043630414135297,175255,1488419727,1,-0.5767911320710488,-1.340662123942302,0.8555883972566398,-0.5669547584424796,0.4635436646043379,0,0,0,1,0,0.15110623658211458,0.5368279525347048,-0.717255180001803,-0.01209082308071616,-0.23073840634859205,0,0,0,0,0,1.0664458471119211,1.7722911921556068,1.1251756307457317,0.9075144037194592,0.9241429418154022,0,1,0,0,0
836727710097367040,1136,1488344406,836727710097367040,1136,1488344406,837057354139074560,188200,1488422999,1,-0.5767911320710488,-1.340662123942302,0.8555883972566398,-0.5669547584424796,0.4635436646043379,0,0,0,1,0,0.02154821585998963,0.13111502033719688,-0.1598092548677733,0.7605237870198307,-0.08972039141397525,0,0,0,0,0,1.0664540483930296,1.7722911921556068,1.1400574404089583,0.9075144037194592,0.924149045126388,0,1,0,0,0
836727710097367040,1136,1488344406,836727710097367040,1136,1488344406,837060269201305600,191057,1488423694,1,-0.5767911320710488,-1.340662123942302,0.8555883972566398,-0.5669547584424796,0.4635436646043379,0,0,0,1,0,-0.11996784430377193,-0.027305857650335403,-0.717255180001803,0.9343563301821928,0.13688022347285245,0,0,0,1,0,1.066455032533491,1.7722911921556068,1.141421014651692,0.9075144037194592,0.9241551483570941,0,1,0,0,0
836727710097367040,1136,1488344406,836727710097367040,1136,1488344406,837089658693615616,217506,1488430701,1,-0.5767911320710488,-1.340662123942302,0.8555883972566398,-0.5669547584424796,0.4635436646043379,0,0,0,1,0,-1.8636479971145044,-1.7635630452212128,-1.1389467434763865,-1.4404036426738211,-2.8624221928763305,0,0,0,1,0,1.0664684821680903,1.7722768486867777,1.1374017460677572,0.9075144037194592,0.9241856633065042,0,1,0,0,0
836727710097367040,1136,1488344406,836727710097367040,1136,1488344406,837090883426267139,218556,1488430993,1,-0.5767911320710488,-1.340662123942302,0.8555883972566398,-0.5669547584424796,0.4635436646043379,0,0,0,1,0,-0.5107629330610652,-0.7548055348865264,-0.4705814284986962,0.26168017659841525,0.054636875434518034,0,0,0,1,0,1.0664701223310944,1.7722768486867777,1.1382604171019688,0.9075144037194592,0.9241917660555784,0,1,0,0,0
836727710097367040,1136,1488344406,836727710097367040,1136,1488344406,837117957641748481,242458,1488437448,1,-0.5767911320710488,-1.340662123942302,0.8555883972566398,-0.5669547584424796,0.4635436646043379,0,0,0,1,0,-0.34124390761604245,0.052296841925702914,-1.1389467434763865,0.3468898300757034,-1.2627352291308842,0,0,0,1,0,1.0664842274068442,1.7726543744950232,1.1369716940889016,0.9075330274516512,0.924326006231862,0,1,0,0,0
836727710097367040,1136,1488344406,836727710097367040,1136,1488344406,837162190801154048,289081,1488447994,1,-0.5767911320710488,-1.340662123942302,0.8555883972566398,-0.5669547584424796,0.4635436646043379,0,0,0,1,0,0.5365726924282022,0.5231751105915653,0.9882316994978746,0.9772138755116421,0.6259832522926436,0,0,0,0,0,1.066493083783742,1.7726352685291724,1.1222365468212838,0.9075516501566984,0.9243870116574872,0,1,0,0,0
836727710097367040,1136,1488344406,836727710097367040,1136,1488344406,837446669436215296,512437,1488515819,1,-0.5767911320710488,-1.340662123942302,0.8555883972566398,-0.5669547584424796,0.4635436646043379,0,0,0,1,0,-0.37834351248651416,0.4625235011985304,-0.717255180001803,-3.1863501836736536,-0.7259761944758126,0,0,0,1,0,1.0666275412112238,1.772749889513004,1.1325576115436855,0.9075330274516512,0.92536200921332,0,1,0,0,0
836727710097367040,1136,1488344406,836727710097367040,1136,1488344406,837628580616159234,639972,1488559190,1,-0.5767911320710488,-1.340662123942302,0.8555883972566398,-0.5669547584424796,0.4635436646043379,0,0,0,1,0,0.081531996768856,0.6030636378234087,-0.4705814284986962,0.4757224790299063,-0.4688251536401864,0,0,0,0,0,1.0667491630500765,1.772764214637076,1.1296743398407472,0.9075516501566984,0.9255750171040156,0,1,0,0,0
836727710097367040,1136,1488344406,836727710097367040,1136,1488344406,837630820374413312,641268,1488559724,1,-0.5767911320710488,-1.340662123942302,0.8555883972566398,-0.5669547584424796,0.4635436646043379,0,0,0,1,0,-0.2519216453488977,0.0683669521924646,-0.4705814284986962,0.493745166780017,-0.655913060034163,0,0,0,0,0,1.066750146338067,1.772764214637076,1.1310749762041052,0.9075516501566984,0.9255750171040156,0,1,0,0,0
836727710097367040,1136,1488344406,836727710097367040,1136,1488344406,837673673590882308,672207,1488569941,1,-0.5767911320710488,-1.340662123942302,0.8555883972566398,-0.5669547584424796,0.4635436646043379,0,0,0,1,0,0.01309448035578506,-0.866136355134292,-0.04888986502411277,-0.16542497079420676,0.43247670510203423,0,0,0,0,0,1.0667901309778791,1.7727689895550598,1.145903797525023,0.9075516501566984,0.9255993546378094,0,1,0,0,0
836727710097367040,1136,1488344406,836727710097367040,1136,1488344406,838562392070029313,915830,1488781828,1,-0.5767911320710488,-1.340662123942302,0.8555883972566398,-0.5669547584424796,0.4635436646043379,0,0,0,1,0,0.3050418899080811,0.3168361875385812,0.044891142834152006,0.9329500908675792,0.7465665895283342,0,0,0,1,0,1.0689430108419746,1.7740083799537607,1.1374876990701177,0.9083142980850994,0.9286678036638424,0,1,0,0,0
836727710097367040,1136,1488344406,836727710097367040,1136,1488344406,853788189542289409,3399071,1492408341,1,-0.5767911320710488,-1.340662123942302,0.8555883972566398,-0.5669547584424796,0.4635436646043379,0,0,0,1,0,-0.03391035424624332,0.07363102744006747,-1.1389467434763865,1.0984053837796772,0.7275581754655368,0,0,0,0,0,1.076793017598996,1.7756418279448267,1.1536462974056454,0.918002873700359,0.941189958760988,0,1,0,0,0
836727712869990401,94217,1488344407,836727712869990401,94217,1488344407,837014022813704193,146422,1488412668,1,-1.6003946769860378,-0.999538018233465,-1.2077107924312789,-1.828970320909648,-2.1565667938436808,0,0,0,0,0,-1.4571677991576102,-0.8847356289283493,-1.1389467434763865,-1.7100359291236915,-2.0017114008663635,0,0,0,0,0,0.4610684537413058,-1.8755813515821544,0.035810709305558325,-1.103295791233767,-0.7775027840872454,0,0,0,0,0
836727712869990401,94217,1488344407,836727712869990401,94217,1488344407,843862864049963008,3546239,1490041959,1,-1.6003946769860378,-0.999538018233465,-1.2077107924312789,-1.828970320909648,-2.1565667938436808,0,0,0,0,0,0.6638135572097409,0.6025127772113636,0.421497466809978,1.133248891409553,0.8258726253247527,0,0,0,1,0,0.4681061446801053,-1.8755813515821544,0.06445252705256391,-1.103295791233767,-0.7715676665060346,0,0,0,0,0
836727713910022146,15130,1488344407,836727713910022146,15130,1488344407,836821873346416640,15131,1488366856,1,0.2738659562871621,0.7818892095425265,0.5457016199496684,0.6140998741897876,0.3357524242325963,0,0,0,0,0,0.32659398780818705,0.8106434305853049,0.6194754499535773,0.6676187308052981,0.4173173884315424,0,0,0,0,0,0.6273029021511848,-0.7009115140287449,0.9547871549847732,-1.0502208880468922,0.0908317803247574,0,1,0,0,0
836727714086277122,21112,1488344407,836727714086277122,21112,1488344407,836832212301533184,21113,1488369321,1,0.16356512555571542,0.4361753173748649,0.8754799846209769,0.7278770759305438,0.6609509711140362,0,0,0,0,0,0.2216190427890766,0.4816285349862593,0.9501960444106684,0.7783494394256368,0.7329529785431667,0,0,0,0,0,-0.4368141583913799,0.19609106109157412,-0.17165630290691986,-0.3542774223826413,0.29709391123696083,0,0,0,0,0
836727714296000512,39726,1488344407,836727714296000512,39726,1488344407,836876571252260864,39727,1488379897,1,0.4823141844154635,0.5119826435930697,0.6392154437848468,-0.28537427762496986,-1.0664151126754862,0,0,0,0,0,0.524977274153291,0.5537741446548154,0.7132564578118428,-0.20777114249344664,-0.9436172842215244,0,0,0,0,0,-0.134743950322909,-0.4789781579468184,-0.8119058660668237,-0.12733986838959885,-0.5697183550531214,0,0,0,0,0
836727720692367361,83424,1488344408,836727720692367361,83424,1488344408,836948998493724672,83425,1488397165,1,-0.7432581904264148,-1.1073250630959317,2.003414681941457,1.28125368551883,0.9274703064004256,0,0,0,1,0,-0.6414182263412261,-0.9873162428863076,2.081353432429163,1.3169088623691685,0.991634908324196,0,0,0,1,0,-0.5041090921204625,-1.2626683521956352,-0.7619671245755745,0.7217349387381999,-0.2876801378040941,0,0,0,1,0
836727720692367361,83424,1488344408,836727720692367361,83424,1488344408,837032284796649472,163841,1488417022,1,-0.7432581904264148,-1.1073250630959317,2.003414681941457,1.28125368551883,0.9274703064004256,0,0,0,1,0,-1.9842128460689952,-0.6064555656543003,-1.1389467434763865,-2.2302302380846126,-0.8541306203085062,0,0,0,1,0,-0.5041090921204625,-1.2626683521956352,-0.7619671245755745,0.7217349387381999,-0.2876801378040941,0,0,0,1,0
836727723196366849,151109,1488344409,836727723196366849,151109,1488344409,837018737207279617,151110,1488413792,1,-1.5769450324824317,-2.155817741352891,0.6944024779947271,-2.1370776884013085,0.7337369651240477,0,0,0,1,0,-1.4348504228861916,-1.9851636447077432,0.7686011702474408,-2.009893427915364,0.803598589944336,0,0,0,1,0,-0.06318858701871499,-0.7546939163410339,-0.2728026724937768,0.4008318484583209,0.2614310482046063,0,1,0,0,0
836727723196366849,151109,1488344409,836727723196366849,151109,1488344409,843861538653986817,908187,1490041643,1,-1.5769450324824317,-2.155817741352891,0.6944024779947271,-2.1370776884013085,0.7337369651240477,0,0,0,1,0,-0.4427479872953749,-1.7635630452212128,2.24401808236776,1.2002448634526377,1.2471910031604407,0,0,0,1,0,-0.06336959077254077,-0.7546939163410339,-0.266251877133888,0.4022486538937822,0.2654615679840148,0,1,0,0,0
836727724882321408,997,1488344409,836727724882321408,997,1488344409,836947660506550272,82269,1488396846,1,-0.10740555047743072,0.14121201064843866,-0.3667304813827735,0.3909789687163107,0.08704697403463074,0,0,0,0,0,-0.03626778933848067,0.2009128224655743,-0.2955636165272193,0.4504721004339199,0.17592549941479502,0,0,0,0,0,1.0059604116187983,2.6374897744468497,-1.4912962830010423,-1.5372527156593794,0.6795466066738491,0,0,0,0,0
836727724882321408,997,1488344409,836727724882321408,997,1488344409,844752232654491650,3971855,1490254001,1,-0.10740555047743072,0.14121201064843866,-0.3667304813827735,0.3909789687163107,0.08704697403463074,0,0,0,0,0,0.0588183073184371,-0.16356376942807296,-0.4705814284986962,0.4776825953300684,-0.3448832735274364,0,0,0,1,0,1.0070986926433598,2.6361033926364,0.5446659613307613,-1.5372527156593794,0.6900558287349302,0,0,0,0,0
836727726518202368,1796,1488344410,836727726518202368,1796,1488344410,836881952540065792,41637,1488381180,1,0.13522200188635033,-0.0366988561978182,-0.2313628866959601,0.44647422369064005,0.33067914374238555,0,0,0,0,0,0.1946444694415235,0.03159557312296212,-0.1598092548677733,0.5044814170136634,0.41239329545300496,0,0,0,0,0,0.4550911887270606,1.6578001469150645,-0.1767754197787855,1.3908955160200993,0.44503895699926826,0,0,0,0,0
836727726518202368,1796,1488344410,836727726518202368,1796,1488344410,836920183646212096,60929,1488390295,1,0.13522200188635033,-0.0366988561978182,-0.2313628866959601,0.44647422369064005,0.33067914374238555,0,0,0,0,0,0.8081000419244536,0.9993009641786644,-0.1598092548677733,-1.5377356330504512,-0.07858890212271326,0,0,0,0,0,0.455075387432301,1.6578001469150645,-0.2034403141692689,1.3908955160200993,0.44503895699926826,0,0,0,0,0
836727726518202368,1796,1488344410,836727726518202368,1796,1488344410,837068385196322817,198604,1488425629,1,0.13522200188635033,-0.0366988561978182,-0.2313628866959601,0.44647422369064005,0.33067914374238555,0,0,0,0,0,0.16838177858122652,-0.22447425283652767,0.421497466809978,0.9189151267859201,0.4673720350640385,0,0,0,1,0,0.4552254701389966,1.6587504090888059,-0.18458351712874704,1.3911090459755715,0.44545012332310974,0,0,0,0,0
836727726518202368,1796,1488344410,836727726518202368,1796,1488344410,838246472890081280,1088517,1488706507,1,0.13522200188635033,-0.0366988561978182,-0.2313628866959601,0.44647422369064005,0.33067914374238555,0,0,0,0,0,-0.03745086534101925,0.2777789444658975,-0.4705814284986962,-0.05520047388706766,-0.7724889089316429,0,0,0,1,0,0.4546207863789261,1.6597500999416497,-0.1591475193969038,1.3912468790073478,0.44579248382421055,0,0,0,0,0
836727727025762304,214912,1488344410,836727727025762304,214912,1488344410,837086672336601088,199446,1488429989,1,-0.7176216598306058,-0.7371819325314721,0.0537596741414793,0.7435654916681923,-0.15131793157494886,0,0,0,1,0,-0.6170195579728244,-0.6350521128689101,0.12612794694736415,0.7936177828651118,-0.05542992441928137,0,0,0,1,0,-1.4676071696159914,-0.577646599563986,-1.4912962830010423,0.03344933586300262,-0.2818965726068717,0,0,0,1,0
836727727411630080,145722,1488344410,836727727411630080,145722,1488344410,837013259437879296,145723,1488412486,1,0.26623273657981683,1.1251072231530679,1.541941113049324,0.21992228871739367,0.5514141052732259,0,0,0,1,0,0.3193293388134001,1.1372830058934882,1.6185613593883583,0.2839956262305852,0.6266372104679582,0,0,0,1,0,0.7296569551376546,1.4409896846090935,1.2458916116170244,0.8183155593100269,0.7763449436339198,0,1,0,0,0
836727732562182144,222905,1488344411,836727732562182144,222905,1488344411,837095845300436993,222906,1488432176,1,0.11246604905915024,-0.14751497289966206,-0.3667304813827735,0.6508963220201406,0.4500068929673681,0,0,0,1,0,0.172987289880393,-0.07386779960626175,-0.2955636165272193,0.7034299186410662,0.5282120311285085,0,0,0,1,0,-1.5409527262718008,-0.2772987308229226,-2.113324197453215,0.30699049598369843,-1.6041271152661059,0,0,0,1,0
836727732562182144,222905,1488344411,836727732562182144,222905,1488344411,837328171968102400,398110,1488487567,1,0.11246604905915024,-0.14751497289966206,-0.3667304813827735,0.6508963220201406,0.4500068929673681,0,0,0,1,0,-0.5470490049805649,-0.5868195024370609,-1.1389467434763865,-0.4352380490211808,-1.3932381312233482,0,0,0,1,0,-1.5409527262718008,-0.27607684792910303,-2.113324197453215,0.3074313022818929,-1.6041271152661059,0,0,0,1,0
836727732562182144,222905,1488344411,836727732562182144,222905,1488344411,837328310396911616,398259,1488487600,1,0.11246604905915024,-0.14751497289966206,-0.3667304813827735,0.6508963220201406,0.4500068929673681,0,0,0,1,0,-0.18302395971657234,-0.04774065080099981,-0.4705814284986962,0.3634687116468976,-0.2619375988727724,0,0,0,0,0,-1.5409527262718008,-0.27607684792910303,-2.113324197453215,0.3074313022818929,-1.6041271152661059,0,0,0,1,0
836727732813844481,33930,1488344411,836727732813844481,33930,1488344411,836861077510107136,33931,1488376203,1,0.4570260505530235,0.5256346720832668,0.29973064704557384,0.7246996292972887,0.4733153513094501,0,0,0,1,0,0.5009101801500839,0.5667667400644295,0.3728016984504709,0.7752570719572812,0.5508350688817412,0,0,0,1,0,0.5396517628547132,-0.6713261893491078,-0.2896825461777761,-1.8598883944686293,-1.1181449872157023,0,0,0,1,0
